{
  "camera_matrix": [
    [
      860.0613424475792,
      0.0,
      614.0970233820572
    ],
    [
      0.0,
      889.128839413246,
      490.90812715649884
    ],
    [
      0.0,
      0.0,
      1.0
    ]
  ],
  "dist_coeffs": [
    [
      -0.09017224192072884,
      0.28190046790300116,
      0.02267333764111673,
      -0.03282281048829209,
      -0.24809642382418337
    ]
  ],
  "image_size": [
    1280,
    720
  ],
  "reprojection_error": 2.1068603456107744,
  "mean_error": 0.25047184334324396
}