{
  "camera_matrix": [
    [
      1187.1076375926816,
      0.0,
      636.0742521754984
    ],
    [
      0.0,
      1186.7401676844156,
      238.54572657960748
    ],
    [
      0.0,
      0.0,
      1.0
    ]
  ],
  "dist_coeffs": [
    [
      -0.059349406963990055,
      0.6592067504093266,
      -0.00682771154329354,
      4.290015431354188e-05,
      -1.9628898221140332
    ]
  ],
  "image_size": [
    1280,
    720
  ],
  "reprojection_error": 1.8113746561547828,
  "mean_error": 0.19630572661293713
}